delay,scale,ans,msg
0.1764052345967664,0.1764052345967664,n,REST
0.040015720836722335,0.040015720836722335,n,REST
0.09787379841057392,0.09787379841057392,n,動いてください
