delay,scale,ans,msg
0.1764052345967664,1.1764052345967664,n,REST
0.040015720836722335,1.0400157208367222,n,REST
0.09787379841057392,1.097873798410574,n,動いてください
