delay,scale,ans,msg
0.16243453636632418,1.1331586504129518,n,動かないでください
-0.06117564136500754,1.0715278974398406,b,動いてください
-0.05281717522634558,0.8454599707888731,b,REST
