delay,scale,ans,msg
0.16243453636632418,0.1331586504129518,n,動かないでください
-0.06117564136500754,0.07152789743984055,b,動いてください
-0.052817175226345575,-0.15454002921112683,b,REST
