delay,scale,ans,msg
-0.04167578474054706,0.08838931126173459,b,動かないでください
-0.0056266827226329474,0.01958650220376449,b,動いてください
-0.21361960956684542,0.03575365158852867,b,動かないでください
