delay,scale,ans,msg
-0.04167578474054706,1.0883893112617347,b,動かないでください
-0.0056266827226329474,1.0195865022037645,b,動いてください
-0.21361960956684542,1.0357536515885286,b,動かないでください
