delay,scale,ans,msg
0.17886284734303187,0.8735947335223597,n,動かないでください
0.043650985051198944,1.1527905351638439,n,動かないでください
0.009649746807200862,0.902928906199114,n,動かないでください
