delay,scale,ans,msg
0.17886284734303187,-0.12640526647764025,n,動かないでください
0.043650985051198944,0.15279053516384397,n,動かないでください
0.009649746807200862,-0.09707109380088592,n,動かないでください
