delay,scale,ans,msg
0.005056170714293956,0.9392452302788774,n,動かないでください
0.0499951333237829,0.9873863585393575,n,動かないでください
-0.09959089311068652,0.9315393641295364,b,動いてください
