delay,scale,ans,msg
0.005056170714293956,-0.06075476972112264,n,動かないでください
0.0499951333237829,-0.012613641460642458,n,動かないでください
-0.09959089311068652,-0.06846063587046353,b,動いてください
